14.jpg,1911.348151848151,377.74575424575414
14.jpg,2850.441058941058,386.4410589410586
14.jpg,1954.8246753246747,1112.4990009990006
14.jpg,2793.9215784215776,1108.1513486513486
10.jpg,1776.5709290709285,821.2062937062933
10.jpg,2815.6598401598394,816.8586413586413
10.jpg,2754.792707292706,1555.9595404595402
10.jpg,1841.7857142857135,1569.0024975024971
15.jpg,1911.348151848151,303.8356643356642
15.jpg,2841.7457542457532,303.8356643356642
15.jpg,1963.5199800199796,1029.8936063936062
15.jpg,2780.8786213786207,1021.1983016983013
5.jpg,1793.9615384615379,1512.483016983017
5.jpg,2980.870629370628,1512.483016983017
5.jpg,1859.176323676323,2273.3221778221778
5.jpg,2889.569930069929,2255.9315684315684
6.jpg,1797.822580645161,1369.2032258064519
6.jpg,2960.274193548387,1359.267741935484
6.jpg,1872.2192807192803,2112.459040959041
6.jpg,2880.874625374624,2103.763736263736
13.jpg,1859.176323676323,486.4370629370628
13.jpg,2820.0074925074914,482.08941058941036
13.jpg,1915.6958041958035,1216.8426573426573
13.jpg,2767.835664335663,1208.1473526473524
9.jpg,1772.223276723276,955.9835164835163
9.jpg,2833.0504495504483,955.9835164835163
9.jpg,1833.090409590409,1712.4750249750248
9.jpg,2772.1833166833158,1695.0844155844154
2.jpg,1759.1803196803191,2047.2442557442555
2.jpg,3046.0854145854137,2034.2012987012986
2.jpg,1837.4380619380615,2777.64985014985
2.jpg,2946.0894105894095,2751.563936063936
4.jpg,1780.918581418581,1690.7367632367632
4.jpg,3002.60889110889,1677.6938061938058
4.jpg,1854.828671328671,2438.532967032967
4.jpg,2911.3081918081907,2421.1423576423576
11.jpg,1833.090409590409,695.1243756243753
11.jpg,2846.0934065934052,699.4720279720277
11.jpg,1893.9575424575416,1438.572927072927
11.jpg,2789.5739260739247,1429.8776223776222
3.jpg,1776.5709290709285,1864.6428571428569
3.jpg,3028.694805194804,1851.5999000999
3.jpg,1846.133366633366,2608.0914085914083
3.jpg,2928.6988011987996,2582.0054945054944
0.jpg,1733.0944055944049,2438.532967032967
0.jpg,3106.9525474525462,2421.1423576423576
0.jpg,1815.6998001997997,3142.852647352647
0.jpg,2985.21828171828,3134.1573426573427
1.jpg,1728.2741935483868,2233.5903225806455
1.jpg,3076.5189810189795,2221.150349650349
1.jpg,1820.0474525474522,2960.2512487512486
1.jpg,2959.1323676323664,2942.860639360639
8.jpg,1750.4850149850142,1090.7607392607392
8.jpg,2846.0934065934052,1077.7177822177819
8.jpg,1828.7427572427566,1838.5569430569428
8.jpg,2789.5739260739247,1821.1663336663335
12.jpg,1850.4810189810185,590.780719280719
12.jpg,2837.3981018981003,590.780719280719
12.jpg,1902.6528471528466,1334.2292707292704
12.jpg,2780.8786213786207,1329.8816183816184
7.jpg,1815.6998001997997,1225.5379620379617
7.jpg,2946.0894105894095,1212.4950049950048
7.jpg,1880.9145854145847,1973.3341658341658
7.jpg,2863.484015984015,1960.2912087912086
